id,question,options,answer,notes,Tags,questionPre
220210001,甲公司和乙公司签订买卖合同，向乙公司购买3辆载货汽车，总价款为160万元，该买卖合同法律关系的主体是{{c1::}}。,买卖合同<br>||甲公司和乙公司<br>||160万元价款<br>||3辆载货汽车<br>,2,参考解析：本题考核法律关系的主体范围。选项A属于引起法律关系产生的法律行为；选项C与选项D属于合同法律关系的标的物和对价。<br>,模拟试卷一,
220210002,赵某，15周岁，系甲省体操队专业运动员，月收入3 000元，完全能够满足自己生活所需，下列关于赵某民事行为能力的表述中，正确的是{{c1::}}。,赵某视为完全民事行为能力人<br>||赵某属于完全民事行为能力人<br>||赵某属于限制民事行为能力人<br>||赵某属于无民事行为能力人<br>,3,参考解析：本题考核自然人民事行为能力的辨别。根据规定，16周岁以上（≥16周岁）的未成年人（＜18周岁），以自己的劳动收入为主要生活来源的，视为完全民事行为能力人；8周岁以上（≥8周岁）的未成年人属于限制民事行为能力人。赵某15周岁，属于限制民事行为能力人。<br>,模拟试卷一,
220210003,下列关于权利能力和行为能力的表述中，不正确的是{{c1::}}。,自然人的行为能力和权利能力同时产生、同时消灭<br>||法人的行为能力和权利能力同时产生、同时消灭<br>||自然人的民事权利能力一律平等<br>||自然人从出生时起至死亡时止，具有民事权利能力<br>,1,参考解析：本题考核权利能力和行为能力。自然人的行为能力不同于其权利能力，具有行为能力必须首先具有权利能力，但具有权利能力并不必然具有行为能力。<br>,模拟试卷一,
220210004,甲公司出纳刘某在为员工孙某办理业务时，发现采购发票上所注单价、数量与总金额不符，经查是销货单位填写单价错误，刘某采取的下列措施中，符合会计法律制度规定的是{{c1::}}。,由孙某写出说明，并加盖公司公章后入账<br>||将发票退给孙某，由销货单位重新开具发票后入账<br>||按总金额入账<br>||将单价更正后入账<br>,2,参考解析：本题考核原始凭证填制的基本要求。原始凭证金额有错误的，应当由出具单位重开，不得在原始凭证上更正。<br>,模拟试卷一,
220210005,下列选项中，不属于原始凭证必须具备内容的是{{c1::}}。,填制凭证的日期<br>||经办人员的签名或者盖章<br>||凭证的名称<br>||单位领导人的签名或者盖章<br>,4,参考解析：本题考核原始凭证必须具备的内容。具体包括：①凭证的名称；②填制凭证的日期；③填制凭证单位名称或者填制人姓名；④经办人员的签名或者盖章；⑤接受凭证单位名称；⑥经济业务内容；⑦数量、单价和金额。<br>,模拟试卷一,
220210006,申请设立除会计师事务所以外的代理记账机构，应当经所在地的县级以上人民政府财政部门批准，并领取由{{c1::}}统一规定样式的代理记账许可证书。,国务院<br>||财政部<br>||省、自治区、直辖市人民政府<br>||省、自治区、直辖市人民政府财政部门<br>,2,参考解析：本题考核代理记账。我国对代理记账资格实行审批制，申请设立除会计师事务所以外的代理记账机构，应当经所在地的县级以上人民政府财政部门批准，并领取由财政部统一规定样式的代理记账许可证书。<br>,模拟试卷一,
220210007,根据支付结算法律制度的规定，存款人更改名称，但不更改开户银行及账号的，应于一定期限向其开户银行提出银行结算账户更换申请，该期限为{{c1::}}。,3个自然日内<br>||3个工作日内<br>||5个工作日内<br>||5个自然日内<br>,3,参考解析：本题考核银行结算账户的变更程序。根据规定，存款人更改名称，但不改变开户银行及账号的，应于“5个工作日”内向开户银行提出银行结算账户的变更申请，并出具有关部门的证明文件。<br>,模拟试卷一,
220210008,银行、支付机构发现特约商户发生疑似套现、洗钱、恐怖融资、欺诈、留存或泄露账户信息等风险事件的，可以对特约商户采取的措施不包括{{c1::}}。,联系客户核实交易<br>||延迟资金结算<br>||暂停交易<br>||冻结账户<br>,1,参考解析：本题考核银行卡收单业务管理规定。银行、支付机构发现特约商户发生疑似套现、洗钱、恐怖融资、欺诈、留存或泄露账户信息等风险事件的，应对特约商户采取延迟资金结算、暂停交易、冻结账户等措施，并承担因未采取措施导致的风险损失责任；发现涉嫌违法犯罪活动的，应及时向公安机关报案。<br>,模拟试卷一,
220210009,甲公司与王某口头约定，王某每天来甲公司工作3小时，每小时30元费用，试用期一周，每周结算一次工资，以下约定不符合法律规定的是{{c1::}}。,试用期一周<br>||王某每天去甲公司工作3小时<br>||每周结算一次工资<br>||以小时为单位计算工资<br>,1,参考解析：本题考核非全日制用工的相关规定。非全日制用工双方当事人可以订立口头协议。非全日制用工，是指以小时计酬为主，劳动者在同一用人单位一般平均每日工作时间不超过4小时，每周工作时间累计不超过24小时的用工形式。非全日制用工双方当事人不得约定试用期。<br>,模拟试卷一,
220210010,根据社会保险法律制度的规定，职工发生伤亡的下列情形中，视同工伤的是{{c1::}}。,在工作时间和工作岗位突发先天性心脏病死亡的<br>||在上班途中受到非本人主要责任的交通事故伤害的<br>||下班后在工作场所从事与工作有关的收尾性工作受到事故伤害的<br>||患职业病的<br>,1,参考解析：本题考核工伤认定中视同工伤的情形。职工有下列情形之一的，视同工伤：①在工作时间和工作岗位，突发疾病死亡或者在48小时之内经抢救无效死亡的；②在抢险救灾等维护国家利益、公共利益活动中受到伤害的；③职工原在军队服役，因战、因公负伤致残，已取得革命伤残军人证，到用人单位后旧伤复发的。选项B、C、D为应当认定为工伤的情形。<br>,模拟试卷一,
220210011,王某在甲公司工作2年8个月，甲公司提出并与王某协商解除了劳动合同。已知王某在合同解除前12个月的平均工资为13 000元，当地上年度职工月平均工资为4 000元，当地月最低工资标准为2 000元。劳动合同解除时，甲公司依法应向王某支付的经济补偿数额为{{c1::}}。,36 000元<br>||6 000元<br>||12 000元<br>||39 000元<br>,1,参考解析：本题考核经济补偿金的计算。劳动者月工资高于用人单位所在地上年度职工月平均工资3倍的，向其支付经济补偿的标准按职工月平均工资3倍的数额支付，向其支付经济补偿的年限最高不超过12年。工作年限6个月以上不满1年的，补偿年限按1年计算，因此按照3年计算补偿年限。经济补偿＝4 000×3×3＝36 000（元）。<br>,模拟试卷一,
220210012,"A公司采取预收货款方式向B公司销售货物，双方于2020年3月18日签订了一份买卖合同，合同约定B公司于4月28日向A公司预付货款。但A公司在4月10日就收到B公司的预付货款；A公司于5月30日发出货物。按我国增值税法律制度的规定,A公司增值税纳税义务发生时间应当为{{c1::}}。",3月18日<br>||4月10日<br>||4月28日<br>||5月30日<br>,4,参考解析：本题考核增值税纳税义务发生时间。采取预收货款方式销售货物，增值税纳税义务发生时间为货物发出的当天。<br>,模拟试卷一,
220210013,根据消费税法律制度的规定，下列货物销售中应征收消费税的是{{c1::}}。,汽车销售公司代销小汽车<br>||烟酒商店零售烟酒<br>||首饰加工厂批发金银首饰<br>||手表厂生产销售高档手表<br>,4,参考解析：本题考核消费税纳税人、纳税环节和税目。一般的应税消费品在生产环节征收消费税，在流通环节不再征收消费税，但金银首饰在零售环节征收消费税。<br>,模拟试卷一,
220210014,根据增值税法律制度的规定，下列各项中，应按照“生活服务”税目计缴增值税的是{{c1::}}。,文化创意服务<br>||车辆停放服务<br>||广播影视服务<br>||旅游娱乐服务<br>,4,参考解析：本题考核增值税征税范围—生活服务。①选项A，按照“现代服务—文化创意服务”税目计缴增值税；②选项B，按照“现代服务—租赁服务”税目计缴增值税；③选项C，按照“现代服务—广播影视服务”税目计缴增值税。<br>,模拟试卷一,
220210015,某企业向摩托车制造厂（增值税一般纳税人）订购气缸容量250毫升以上的摩托车10辆，支付货款（含税）共计250 800元，同时支付设计费30 000元。摩托车制造厂计缴消费税的销售额是{{c1::}}。,214 359元<br>||248 495.58元<br>||250 800元<br>||280 800元<br>,2,参考解析：本题考核计征消费税的销售额的确定。计征消费税的销售额是销售应税消费品向购买方收取的全部价款和价外费用，但不包括取得的增值税。价外费用视为含税收入，需要换算为不含税收入。因此，计缴消费税的销售额＝（250 800＋30 000）÷（1＋13％）＝248 495.58（元）。<br>,模拟试卷一,
220210016,某居民企业当年计入成本、费用的实发工资总额为300万元，拨缴职工工会经费5万元，支出职工福利费40万元、职工教育经费15万元，该企业当年计算应纳税所得额时准予在税前扣除的工资和三项经费合计的下列计算中，正确的是{{c1::}}。,300＋300×14％＋300×2％＋300×8％＝372（万元）<br>||300＋40＋300×2％＋15＝361（万元）<br>||300＋40＋5＋15＝360（万元）<br>||300＋300×14％＋5＋15＝362（万元）<br>,3,参考解析：本题考核企业所得税税前扣除项目及标准。①企业发生的合理的工资、薪金支出准予据实扣除；②职工福利费：扣除限额＝300×14％＝42（万元）＞实际发生40万元，准予扣除40万元；③工会经费：扣除限额＝300×2％＝6（万元）＞实际发生5万元，可以据实扣除5万元；④职工教育经费：扣除限额＝300×8％＝24（万元）＞实际发生15万元，可以据实扣除15万元；⑤税前准予扣除的工资和三项经费合计＝300＋40＋5＋15＝360（万元）。<br>,模拟试卷一,
220210017,某保险代理人郑某2021年3月与北京某家保险公司签约，提供兼职代理业务，其5月份取得佣金收入5万元，支付附加税费2 500元。下列关于郑某取得佣金收入缴纳个人所得税的说法中，正确的是{{c1::}}。,郑某的佣金收入属于“工资、薪金所得”项目<br>||郑某取得的佣金收入5万元，应以不含增值税的收入减除40％的费用后的余额为收入额<br>||郑某支付的附加税费，可以在计算个人所得税时扣除<br>||郑某在税前扣除的展业成本，为佣金收入5万元的25％<br>,3,参考解析：本题考核保险代理人佣金收入个人所得税的缴纳。选项A表述错误，根据规定，从证券公司、保险公司取得的佣金收入，属于“劳务报酬所得”项目缴纳个人所得税；选项B表述错误，佣金收入应以不含增值税的收入减除“20％”的费用后的余额为“收入额”；选项C的表述正确，佣金收入依法计算的收入额减去展业成本以及附加税费后，并入当年综合所得，计算缴纳个人所得税；选项D表述错误，保险营销员、证券经纪人展业成本按照“收入额”的25％计算，并入综合所得的金额＝不含税收入×（1－20％）×（1－25％）－附加税费。<br>,模拟试卷一,
220210018,深圳证券交易所某日的交易信息显示，万科A的股票集合竞价成交金额达到12.5亿元人民币。已知证券交易印花税率为1‰，假设不考虑其他因素，当日集合竞价阶段，该只股票的证券交易印花税缴纳金额是{{c1::}}。,125 000×1‰＝125（万元）<br>||125 000×1‰×2＝250（万元）<br>||125 000×1‰×3＝375（万元）<br>||0<br>,1,参考解析：本题考核印花税的计税依据。证券交易的计税依据，为成交金额。需要注意的是，这里仅对证券交易的“出让方”征收，不对受让方征收，因此A选项的计算过程正确。<br>,模拟试卷一,
220210019,某年甲服装公司（位于某县城）实际占地面积30 000平方米，其中办公楼占地500平方米，厂房仓库占地面积22 000平方米，厂区内铁路专用线、公路等用地7 500平方米。已知当地规定的城镇土地使用税每平方米年税额为5元。甲服装公司当年应缴纳城镇土地使用税税额的下列计算中，正确的是{{c1::}}。,30 000×5＝150 000（元）<br>||（30 000－7 500）×5＝112 500（元）<br>||（30 000－500）×5＝147 500（元）<br>||（30 000－22 000）×5＝40 000（元）<br>,1,参考解析：本题考核城镇土地使用税的计算。企业的铁路专用线、公路等用地，除另有规定外，在企业厂区以内的，应照章征收城镇土地使用税；在厂区以外、与社会公用地段未加隔离的，暂免征收城镇土地使用税。<br>,模拟试卷一,
220210020,甲隧道施工企业，2021年3月，由于其夜间频繁爆破山体产生突发噪声，经检测设备测定，爆破所产生的等效声级超标分贝数为11分贝，峰值噪声超标分贝数为20分贝，当月超标20天。已知，工业噪声超标10～12分贝的，每月税额2 800元；超标16分贝以上的，每月税额11 200元。则下列甲企业当期应缴纳环境保护税的计算中，正确的是{{c1::}}。,11 200＋2 800＝14 000（元）<br>||11 200元<br>||（11 200＋2 800）×50％＝7 000（元）<br>||11 200÷31×20＝7 225.81（元）<br>,2,参考解析：本题考核环境保护税的计算。根据规定，夜间频繁突发和夜间偶然突发厂界超标噪声，按等效声级和峰值噪声两种指标中超标分贝值高的一项计算应纳税额。本题中，由于峰值噪声超标分贝值高，因此按照16分贝以上的税额标准计算。另外，当月超标天数达到15天以上，应全额征收税款。<br>,模拟试卷一,
220210021,根据税收征收管理法律制度的规定，下列关于税务行政复议管辖的表述中，不正确的是{{c1::}}。,对国家税务总局的行政行为不服的，向国家税务总局申请行政复议<br>||对市辖区税务局的行政行为不服的，向市税务局申请行政复议<br>||对税务局的稽查局的行政行为不服的，向其所属税务局申请行政复议<br>||对计划单列市税务局的行政行为不服的，向其所在省的省税务局申请行政复议<br>,4,参考解析：本题考核税务行政复议的管辖。对计划单列市税务局的行政行为不服的，向国家税务总局申请行政复议，选项D的表述错误。<br>,模拟试卷一,
220210022,下列关于纳税信用信息采集实施的表述中，正确的是{{c1::}}。,纳税信用信息采集工作由国家税务总局和省税务机关组织实施，按季度采集<br>||税务管理系统中暂缺的信息不纳入采集<br>||税务内部信息从税务管理系统中采集<br>||通过央视新闻媒体采集的信息可直接使用<br>,3,参考解析：本题考核纳税信用信息采集的实施。选项A错误，纳税信用信息应按月采集；选项B错误，税务管理系统中暂缺的信息由税务机关通过纳税人申报采集；选项D错误，通过新闻媒体或者媒介采集的信息应核实后使用。<br>,模拟试卷一,
220210023,根据税收征收管理法律制度的规定，下列各项中，不适用税收保全措施的财产是{{c1::}}。,纳税人的古董<br>||纳税人的别墅<br>||纳税人的豪华小汽车<br>||纳税人做饭的厨具<br>,4,参考解析：本题考核税收保全措施的范围。个人及其所扶养家属维持生活必需的住房和用品，不在税收保全措施的范围之内。<br>,模拟试卷一,
220210024,下列规范性文件中，属于规章的有{{c1::}}。,国务院发布的《企业财务会计报告条例》<br>||上海市人民政府发布的《上海市旅馆业管理办法》<br>||财政部发布的《金融企业国有资产转让管理办法》<br>||北京市人大常委会发布的《北京市城乡规划条例》<br>,2||3,参考解析：本题考核法律渊源。规章包括部门规章和地方政府规章。选项A属于行政法规；选项B属于地方政府规章；选项C属于部门规章；选项D属于地方性法规。<br>,模拟试卷一,
220210025,根据会计法律制度的规定，单位下列资料中，应当按照会计档案归档的有{{c1::}}。,固定资产卡片<br>||纳税申报表<br>||年度预算方案<br>||年度财务工作计划<br>,1||2,参考解析：本题考核会计档案的范围。选项CD，各单位的预算、计划、制度等文件材料属于文书档案，不属于会计档案。<br>,模拟试卷一,
220210026,对原始凭证发生的错误，正确的更正方法有{{c1::}}。,由出具单位重开或更正<br>||由本单位的会计人员代为更正<br>||金额发生错误的，可由出具单位在原始凭证上更正<br>||金额发生错误的，应当由出具单位重开<br>,1||4,参考解析：本题考核会计凭证。原始凭证有错误的，应当由出具原始凭证的单位重开或更正，更正处应当加盖出具原始凭证单位的印章。原始凭证金额有错误的不得更正，只能由出具原始凭证的单位重开。<br>,模拟试卷一,
220210027,下列各项票据中，可以挂失止付的有{{c1::}}。,已承兑的商业汇票<br>||支票<br>||填明“现金”字样的银行本票<br>||未填明“现金”字样的银行汇票<br>,1||2||3,参考解析：本题考核可以挂失止付的票据。可以挂失止付的票据包括四种：①已承兑的商业汇票；②支票；③填明“现金”字样和代理付款人的银行汇票；④填明“现金”字样的银行本票。<br>,模拟试卷一,
220210028,根据劳动合同法律制度的规定，下列关于非全日制用工的表述中，正确的有{{c1::}}。,双方当事人任何一方都可以随时通知对方终止用工<br>||双方当事人可以约定试用期<br>||劳动报酬结算支付周期最长不得超过15日<br>||双方当事人可以订立口头协议<br>,1||3||4,参考解析：本题考核非全日制用工的相关规定。非全日制用工双方当事人任何一方都可以随时通知对方终止用工，选项A正确；非全日制用工双方当事人不得约定试用期，选项B错误；用人单位可以按小时、日或周为单位结算工资，但非全日制用工劳动报酬结算支付周期最长不得超过15日，选项C正确；非全日制用工双方当事人可以订立口头协议，选项D正确。<br>,模拟试卷一,
220210029,下列失业人员中，应停止领取失业保险金并同时停止享受其他失业保险待遇的有{{c1::}}。,被判刑收监执行的孙某<br>||移居境外的杜某<br>||已享受基本养老保险待遇的陈某<br>||应征服兵役的贾某<br>,1||2||3||4,参考解析：本题考核停止领取失业保险金的情形。根据规定，停止领取失业保险金及其他失业保险待遇的情形：①重新就业的；②应征服兵役的（选项D）；③移居境外的（选项B）；④享受基本养老保险待遇的（选项C）；⑤被判刑收监执行的（选项A）；⑥无正当理由，拒不接受当地人民政府指定部门或者机构介绍的适当工作或者提供的培训的。<br>,模拟试卷一,
220210030,下列关于个人出售房屋的税收政策的说法中，错误的有{{c1::}}。,张某将位于北京市、持有满3年的普通住房出售，以销售收入减去购买住房价款后的差额按照5％的征收率缴纳增值税<br>||钱某将位于重庆市、持有满5年的普通住宅出售，免征增值税<br>||李某家庭名下有两套住宅，将其中一套持有满5年的住宅出售，可以免征个人所得税<br>||赵某将自己持有的一套办公用房出售，暂免征收土地增值税<br>,1||3||4,参考解析：本题考核个人出售房屋的税收政策。根据规定，在北上广深之外的地区，个人将购买不足2年的住房对外销售的，按照5％的征收率全额缴纳增值税；个人将购买2年以上（含2年）的住房对外销售的，免征增值税。在北上广深地区，个人将购买不足2年的住房对外销售的，按照5％的征收率全额缴纳增值税；个人将购买2年以上（含2年）的非普通住房对外销售的，以销售收入减去购买住房价款后的差额按照5％的征收率缴纳增值税；个人将购买2年以上（含2年）的普通住房对外销售的，免征增值税。广州市9个区自2021年4月21日起，上海市自2021年1月22日起，深圳市自2020年7月15日起，将个人住房转让增值税免征年限由2年调整到5年。本题中，选项A是北京的普通住宅，而且持有满2年，因此可以免征增值税；选项B位于北、上、广、深之外的地区，持有满2年即可免征增值税；个人转让自用达5年以上，并且是唯一的家庭生活用房取得的所得，暂免征收个人所得税，选项C中刘某出售的并非是“唯一”住房，因此不得免征个人所得税；自2008年11月1日起，对居民个人转让住房一律免征土地增值税，因此选项D中的赵某持有的“非住宅”是不能免税的。<br>,模拟试卷一,
220210031,根据企业所得税法律制度的规定，下列保险费可以税前扣除的有{{c1::}}。,企业参加财产保险，按规定缴纳的保险费<br>||企业为投资者支付的商业保险费<br>||企业为职工支付的商业保险费<br>||企业依照有关规定为特殊工种职工支付的人身安全保险费<br>,1||4,参考解析：本题考核企业所得税的扣除项目。企业为投资者或者职工支付的商业保险费不得扣除。注意商业保险费中，如果是为特殊工种职工支付的人身安全保险费和国务院财政、税务主管部门规定可以扣除的其他商业保险费是可以在税前扣除的。<br>,模拟试卷一,
220210032,根据个人所得税法律制度的规定，下列各项中，免征个人所得税的有{{c1::}}。,个人从出版社取得出版、发表小说的报酬<br>||省级人民政府颁发的教育方面的奖金<br>||按国家统一规定发给职工的退休工资<br>||按国务院规定发给的政府特殊津贴<br>,2||3||4,参考解析：本题考核个人所得税税收优惠。选项A，应按照个人所得税法规定的“综合所得”中稿酬所得项目缴纳个人所得税。<br>,模拟试卷一,
220210033,根据税收征收管理法律制度的规定，税务机关在实施税务检查时，可以采取的措施有{{c1::}}。,检查纳税人会计资料<br>||检查纳税人货物存放地的应纳税商品<br>||检查纳税人托运、邮寄应纳税商品的单据、凭证<br>||经法定程序批准，查询纳税人在银行的存款账户<br>,1||2||3||4,参考解析：本题考核税务机关税务检查中的职权范围。税务检查中税务机关主要有6项权利：查账权、场地检查权、责成提供资料权、询问权、交通邮政检查权、存款账户检查权。<br>,模拟试卷一,
220210034,某清真寺是由信教群众捐助所设立，并登记取得法人资格，该清真寺属于我国的特别法人。{{c1::}},对<br>||错<br>,2,参考解析：本题考核法人的类型。宗教活动场所法人是指取得捐助法人资格的宗教活动场所，如寺院、宫观、清真寺、教堂等，属于“非营利法人”。<br>,模拟试卷一,
220210035,根据刑事法律制度的规定，已满12周岁不满18周岁的人犯罪，应当从轻或者减轻处罚。{{c1::}},对<br>||错<br>,1,参考解析：<br>,模拟试卷一,
220210036,国有企业应当至少每两年一次向本企业的职工代表大会公布财务会计报告。{{c1::}},对<br>||错<br>,2,参考解析：本题考核财务会计报告的发布。国有企业、国有控股的或者占主导地位的企业，应当至少每年一次向本企业的职工代表大会公布财务会计报告。<br>,模拟试卷一,
220210037,通过手机银行受理个人银行账户开户申请的，银行可为申请人开立Ⅱ类和Ⅲ类账户。{{c1::}},对<br>||错<br>,1,参考解析：本题考核个人银行结算账户的开立。通过网上银行和手机银行等电子渠道受理银行账户开户申请的，银行可为开户申请人开立Ⅱ类户或Ⅲ类户。<br>,模拟试卷一,
220210038,汇出银行向汇款人签发的汇款回单是银行将款项确已转入收款人账户的凭据。{{c1::}},对<br>||错<br>,2,参考解析：本题考核汇兑业务的办理。汇款回单只能作为汇出银行受理汇款的依据，不能作为该笔汇款已经转入收款人账户的证明。<br>,模拟试卷一,
220210039,增值税年应税销售额，是指纳税人在连续不超过12个月或四个季度的经营期内累计应征增值税销售额，包括纳税申报销售额、稽查查补销售额，但不包括纳税评估调整销售额。{{c1::}},对<br>||错<br>,2,参考解析：本题考核增值税纳税人应征增值税销售额的范围。年应税销售额，是指纳税人在连续不超过12个月或4个季度的经营期内累计应征增值税销售额，包括纳税申报销售额、稽查查补销售额、“纳税评估调整销售额”。<br>,模拟试卷一,
220210040,个人通过网络收购玩家的虚拟货币，加价后向他人出售取得的收入，不征收个人所得税。{{c1::}},对<br>||错<br>,2,参考解析：本题考核财产转让所得的范围。个人通过网络收购玩家的虚拟货币，加价后向他人出售取得的收入，属于个人所得税应税所得，应按照“财产转让所得”项目计算缴纳个人所得税。<br>,模拟试卷一,
220210041,用人单位违章指挥，强令冒险作业危及劳动者人身安全，劳动者可以立即解除劳动合同，无需通知用人单位。{{c1::}},对<br>||错<br>,1,参考解析：本题考核劳动合同解除的相关规定。题目所述情况属于劳动者单方解除中的“立即解除”。<br>,模拟试卷一,
220210042,城镇土地使用税的税率适用有幅度的差别税额（定额税率），其每个幅度税额的差距为30倍。{{c1::}},对<br>||错<br>,2,参考解析：本题考核城镇土地使用税的税率。城镇土地使用税的税率适用有幅度的差别税额（定额税率），每个幅度税额的差距为20倍。<br>,模拟试卷一,
220210043,欠缴税款、滞纳金的纳税人或者其法定代表人需要出境的，税务机关可以责令其提供纳税担保。{{c1::}},对<br>||错<br>,1,参考解析：本题考核纳税担保的情形。注意纳税担保的措施与税收保全措施的衔接。<br>,模拟试卷一,
220210044,,,,参考解析：<br>,模拟试卷一,
220210045,关于张某和王某工作交接的下列表述中，正确的是{{c1::}}。,张某和王某交接工作应由孙某监交<br>||张某、王某和监交人应在移交清册上签名或者盖章<br>||张某对需要移交的遗留问题，应当写出书面材料<br>||王某应按移交清册逐项核对点收<br>,1||2||3||4,参考解析：选项A，会计机构负责人（会计主管人员）办理交接手续，由单位负责人监交，必要时，主管单位可以派人会同监交；选项B，交接完毕后，交接双方和监交人要在移交清册上签名或者盖章；选项C，会计机构负责人（会计主管人员）移交时，必须将全部财务会计工作、重大财务收支和会计人员的情况等，向接替人员详细介绍，对需要移交的遗留问题，应当写出书面材料；选项D，移交人员在办理移交时，要按移交清册逐项移交；接替人员要逐项核对点收。<br>,模拟试卷一,2021年9月，甲公司会计机构负责人张某因故离职，甲公司聘用王某担任会计机构负责人，与张某交接会计工作。<br>王某任职后，发现公司会计人员吴某负责出纳和会计档案保管；周某负责财产物资核算和成本费用核算；郑某负责财务成果核算和总账报表编制；李某负责往来核算和稽核。王某依照企业内部控制要求对相关人员进行了岗位调整，并向单位负责人孙某进行了汇报。<br>2021年11月5日，周某依据职责对下列原始凭证进行了审核，并作出了相应处理：<br>序号<br>凭证类型<br>开具单位<br>项目<br>审核情况<br>1<br>限额领料单<br>甲公司仓储部门<br>领用原材料<br>记载内容不准确<br>2<br>增值税专用发票<br>乙公司<br>购进办公用品<br>品名及金额错误<br>3<br>入库单<br>甲公司仓储部门<br>材料入库<br>记载内容不完整<br>4<br>火车票<br>中国国家铁路集团有限公司<br>交通费<br>审核无误<br>要求：根据上述资料，不考虑其他因素，分析回答下列小题。<br>
220210046,王某的下列资历中，符合会计机构负责人任职资格要求的是{{c1::}}。,具有2年会计工作经历<br>||具有经济师专业技术职务资格<br>||具有税务师职业资格<br>||具有会计师专业技术职务资格<br>,4,参考解析：担任单位会计机构负责人（会计主管人员）的，应当具备会计师以上专业技术职务资格“或者”从事会计工作3年以上经历。<br>,模拟试卷一,2021年9月，甲公司会计机构负责人张某因故离职，甲公司聘用王某担任会计机构负责人，与张某交接会计工作。<br>王某任职后，发现公司会计人员吴某负责出纳和会计档案保管；周某负责财产物资核算和成本费用核算；郑某负责财务成果核算和总账报表编制；李某负责往来核算和稽核。王某依照企业内部控制要求对相关人员进行了岗位调整，并向单位负责人孙某进行了汇报。<br>2021年11月5日，周某依据职责对下列原始凭证进行了审核，并作出了相应处理：<br>序号<br>凭证类型<br>开具单位<br>项目<br>审核情况<br>1<br>限额领料单<br>甲公司仓储部门<br>领用原材料<br>记载内容不准确<br>2<br>增值税专用发票<br>乙公司<br>购进办公用品<br>品名及金额错误<br>3<br>入库单<br>甲公司仓储部门<br>材料入库<br>记载内容不完整<br>4<br>火车票<br>中国国家铁路集团有限公司<br>交通费<br>审核无误<br>要求：根据上述资料，不考虑其他因素，分析回答下列小题。<br>
220210047,甲公司会计人员的下列岗位设置中，王某应予以调整的是{{c1::}}。,郑某兼任财务成果核算和总账报表编制<br>||吴某兼任出纳和会计档案保管<br>||周某兼任财产物资核算和成果费用核算<br>||李某兼任往来核算和稽核<br>,2,参考解析：选项B，出纳人员不得兼任（兼管）稽核、会计档案保管和收入、支出、费用、债权债务账目的登记工作。<br>,模拟试卷一,2021年9月，甲公司会计机构负责人张某因故离职，甲公司聘用王某担任会计机构负责人，与张某交接会计工作。<br>王某任职后，发现公司会计人员吴某负责出纳和会计档案保管；周某负责财产物资核算和成本费用核算；郑某负责财务成果核算和总账报表编制；李某负责往来核算和稽核。王某依照企业内部控制要求对相关人员进行了岗位调整，并向单位负责人孙某进行了汇报。<br>2021年11月5日，周某依据职责对下列原始凭证进行了审核，并作出了相应处理：<br>序号<br>凭证类型<br>开具单位<br>项目<br>审核情况<br>1<br>限额领料单<br>甲公司仓储部门<br>领用原材料<br>记载内容不准确<br>2<br>增值税专用发票<br>乙公司<br>购进办公用品<br>品名及金额错误<br>3<br>入库单<br>甲公司仓储部门<br>材料入库<br>记载内容不完整<br>4<br>火车票<br>中国国家铁路集团有限公司<br>交通费<br>审核无误<br>要求：根据上述资料，不考虑其他因素，分析回答下列小题。<br>
220210048,周某对原始凭证作出的下列处理措施中，正确的是{{c1::}}。,将3号凭证退回经办人要求补充<br>||对4号凭证予以受理<br>||将2号凭证退回经办人，要求乙公司重开<br>||对1号凭证予以接受，对不准确的项目自行更正，并在更正处加盖印章<br>,1||2||3,参考解析：选项AD，会计机构、会计人员必须按照国家统一的会计制度的规定对原始凭证进行审核，对记载不准确、不完整的原始凭证予以退回，并要求按照国家统一的会计制度的规定更正、补充；选项C，原始凭证金额有错误的，应当由出具单位重开或者更正。<br>,模拟试卷一,2021年9月，甲公司会计机构负责人张某因故离职，甲公司聘用王某担任会计机构负责人，与张某交接会计工作。<br>王某任职后，发现公司会计人员吴某负责出纳和会计档案保管；周某负责财产物资核算和成本费用核算；郑某负责财务成果核算和总账报表编制；李某负责往来核算和稽核。王某依照企业内部控制要求对相关人员进行了岗位调整，并向单位负责人孙某进行了汇报。<br>2021年11月5日，周某依据职责对下列原始凭证进行了审核，并作出了相应处理：<br>序号<br>凭证类型<br>开具单位<br>项目<br>审核情况<br>1<br>限额领料单<br>甲公司仓储部门<br>领用原材料<br>记载内容不准确<br>2<br>增值税专用发票<br>乙公司<br>购进办公用品<br>品名及金额错误<br>3<br>入库单<br>甲公司仓储部门<br>材料入库<br>记载内容不完整<br>4<br>火车票<br>中国国家铁路集团有限公司<br>交通费<br>审核无误<br>要求：根据上述资料，不考虑其他因素，分析回答下列小题。<br>
220210049,计算甲公司进口高档护肤类化妆品增值税税额的下列算式中，正确的是{{c1::}}。,（85＋4.25）×13％＝11.6（万元）<br>||85÷（1－15％）×13％＝13（万元）<br>||（85＋4.25）÷（1－15％）×13％＝13.65（万元）<br>||85×13％＝11.05（万元）<br>,3,参考解析：进口货物应缴纳的增值税税额＝（关税完税价格＋关税）÷（1－消费税税率）×13％。<br>,模拟试卷一,甲公司为增值税一般纳税人，主要从事化妆品生产和销售业务。2021年10月有关经营情况如下：<br>（1）进口一批高档护肤类化妆品，海关核定的关税完税价格85万元，已缴纳关税4.25万元。<br>（2）购进生产用化妆包，取得增值税专用发票注明税额16万元；支付其运输费，取得增值税专用发票注明税额0.4万元，因管理不善该批化妆包全部丢失。<br>（3）委托加工高档美容类化妆品，支付加工费取得增值税专用发票注明税额64万元。<br>（4）购进生产用酒精，取得增值税专用发票注明税额12.8万元。<br>（5）销售自产成套化妆品，取得含增值税价款696万元，另收取包装物押金3.48万元。<br>已知：增值税税率为13％；高档化妆品消费税税率为15％。取得的扣税凭证均已通过税务机关认证。<br>要求：根据上述资料，不考虑其他因素，分析回答下列小题。<br>
220210050,甲公司的下列进项税额中，准予从销项税额中抵扣的是{{c1::}}。,支付加工费的进项税额64万元<br>||支付运输费的进项税额0.4万元<br>||购进生产用酒精的进项税额12.8万元<br>||购进生产用化妆包的进项税额16万元<br>,1||3,参考解析：因管理不善造成非正常损失的购进货物、服务进项税额不得抵扣。<br>,模拟试卷一,甲公司为增值税一般纳税人，主要从事化妆品生产和销售业务。2021年10月有关经营情况如下：<br>（1）进口一批高档护肤类化妆品，海关核定的关税完税价格85万元，已缴纳关税4.25万元。<br>（2）购进生产用化妆包，取得增值税专用发票注明税额16万元；支付其运输费，取得增值税专用发票注明税额0.4万元，因管理不善该批化妆包全部丢失。<br>（3）委托加工高档美容类化妆品，支付加工费取得增值税专用发票注明税额64万元。<br>（4）购进生产用酒精，取得增值税专用发票注明税额12.8万元。<br>（5）销售自产成套化妆品，取得含增值税价款696万元，另收取包装物押金3.48万元。<br>已知：增值税税率为13％；高档化妆品消费税税率为15％。取得的扣税凭证均已通过税务机关认证。<br>要求：根据上述资料，不考虑其他因素，分析回答下列小题。<br>
220210051,甲公司的下列业务中，应缴纳消费税的是{{c1::}}。,委托加工高档美容类化妆品<br>||购进生产用酒精<br>||购进生产用化妆包<br>||进口高档护肤类化妆品<br>,1||4,参考解析：选项AD，高档化妆品，在生产、委托加工、进口环节缴纳消费税；选项BC，化妆包、酒精不属于应征收消费税的消费品。<br>,模拟试卷一,甲公司为增值税一般纳税人，主要从事化妆品生产和销售业务。2021年10月有关经营情况如下：<br>（1）进口一批高档护肤类化妆品，海关核定的关税完税价格85万元，已缴纳关税4.25万元。<br>（2）购进生产用化妆包，取得增值税专用发票注明税额16万元；支付其运输费，取得增值税专用发票注明税额0.4万元，因管理不善该批化妆包全部丢失。<br>（3）委托加工高档美容类化妆品，支付加工费取得增值税专用发票注明税额64万元。<br>（4）购进生产用酒精，取得增值税专用发票注明税额12.8万元。<br>（5）销售自产成套化妆品，取得含增值税价款696万元，另收取包装物押金3.48万元。<br>已知：增值税税率为13％；高档化妆品消费税税率为15％。取得的扣税凭证均已通过税务机关认证。<br>要求：根据上述资料，不考虑其他因素，分析回答下列小题。<br>
220210052,计算甲公司销售自产成套化妆品消费税税额的下列算式中，正确的是{{c1::}}。,696÷（1＋13％）×15％＝92.39（万元）<br>||696×15％＝104.4（万元）<br>||[696÷（1＋13％）＋3.48]×15％＝92.91（万元）<br>||（696＋3.48）÷（1＋13％）×15％＝92.85（万元）<br>,1,参考解析：化妆品的包装物押金在取得时不作为价外费用；取得的含增值税销售额应当换算为不含增值税的销售额。<br>,模拟试卷一,甲公司为增值税一般纳税人，主要从事化妆品生产和销售业务。2021年10月有关经营情况如下：<br>（1）进口一批高档护肤类化妆品，海关核定的关税完税价格85万元，已缴纳关税4.25万元。<br>（2）购进生产用化妆包，取得增值税专用发票注明税额16万元；支付其运输费，取得增值税专用发票注明税额0.4万元，因管理不善该批化妆包全部丢失。<br>（3）委托加工高档美容类化妆品，支付加工费取得增值税专用发票注明税额64万元。<br>（4）购进生产用酒精，取得增值税专用发票注明税额12.8万元。<br>（5）销售自产成套化妆品，取得含增值税价款696万元，另收取包装物押金3.48万元。<br>已知：增值税税率为13％；高档化妆品消费税税率为15％。取得的扣税凭证均已通过税务机关认证。<br>要求：根据上述资料，不考虑其他因素，分析回答下列小题。<br>
220210053,甲公司下列收入中，应计入2021年度企业所得税收入总额的是{{c1::}}。,出租闲置设备收入500万元<br>||国债利息收入50万元<br>||销售电冰箱收入8 000万元<br>||理财产品收益30万元<br>,1||2||3||4,参考解析：选项A，属于租金收入；选项B，属于利息收入亦属于免税收入；选项C，属于销售货物收入；选项D，属于利息收入。应税收入、不征税收入和免税收入均应当计入收入总额。<br>,模拟试卷一,甲公司为居民企业，主要从事电冰箱的生产和销售业务。2021年有关经营情况如下：<br>（1）销售电冰箱收入8 000万元；出租闲置设备收入500万元；国债利息收入50万元；理财产品收益30万元。<br>（2）符合条件的广告费支出1 500万元。<br>（3）向银行借入流动资金支付利息支出55万元；非广告性赞助支出80万元；向客户支付违约金3万元；计提坏账准备金8万元。<br>（4）全年利润总额为900万元。<br>已知：广告费和业务宣传费支出，不超过当年销售（营业）收入15％的部分，准予扣除。<br>要求：根据上述资料，不考虑其他因素，分析回答下列小题。<br>
220210054,甲公司在计算2021年度企业所得税应纳税所得额时，准予扣除的广告费支出是{{c1::}}。,1 275万元<br>||1 500万元<br>||1 287万元<br>||1 200万元<br>,1,参考解析：①计算广告费和业务宣传费时，作为扣除基数的销售（营业）收入，包括主营业务收入、其他业务收入、视同销售收入，不包括投资收益和营业外收入。本题中，销售（营业）收入＝8 000＋500＝8 500（万元）；②广告费和业务宣传费的实际发生额1 500万元＞扣除限额＝8 500×15％＝1 275（万元），准予按限额扣除1 275万元。<br>,模拟试卷一,甲公司为居民企业，主要从事电冰箱的生产和销售业务。2021年有关经营情况如下：<br>（1）销售电冰箱收入8 000万元；出租闲置设备收入500万元；国债利息收入50万元；理财产品收益30万元。<br>（2）符合条件的广告费支出1 500万元。<br>（3）向银行借入流动资金支付利息支出55万元；非广告性赞助支出80万元；向客户支付违约金3万元；计提坏账准备金8万元。<br>（4）全年利润总额为900万元。<br>已知：广告费和业务宣传费支出，不超过当年销售（营业）收入15％的部分，准予扣除。<br>要求：根据上述资料，不考虑其他因素，分析回答下列小题。<br>
220210055,甲公司在计算2021年度企业所得税应纳税所得额时，下列支出中，不得扣除的是{{c1::}}。,向银行借入流动资金支付利息支出55万元<br>||向客户支付违约金3万元<br>||计提坏账准备金8万元<br>||非广告性赞助支出80万元<br>,3||4,参考解析：选项A，向金融机构的借款利息支出准予据实扣除；选项B，向客户支付的违约金属于商业行为产生的费用，允许据实扣除；选项CD，非广告性赞助支出、未经核定的准备金支出不允许税前扣除。<br>,模拟试卷一,甲公司为居民企业，主要从事电冰箱的生产和销售业务。2021年有关经营情况如下：<br>（1）销售电冰箱收入8 000万元；出租闲置设备收入500万元；国债利息收入50万元；理财产品收益30万元。<br>（2）符合条件的广告费支出1 500万元。<br>（3）向银行借入流动资金支付利息支出55万元；非广告性赞助支出80万元；向客户支付违约金3万元；计提坏账准备金8万元。<br>（4）全年利润总额为900万元。<br>已知：广告费和业务宣传费支出，不超过当年销售（营业）收入15％的部分，准予扣除。<br>要求：根据上述资料，不考虑其他因素，分析回答下列小题。<br>
220210056,计算甲公司2021年度企业所得税应纳税所得额的下列算式中，正确的是{{c1::}}。,900＋（1 500－1 287）＋80＋3＋8＝1 204（万元）<br>||900－50＋（1 500－1 275）＋80＋8＝1 163（万元）<br>||900－500＋55＋8＝463（万元）<br>||900－30＋（1 500－1 200）＝1 170（万元）<br>,2,参考解析：①国债利息收入属于免税收入，应纳税调减50万元；②广告费和业务宣传费支出1 500万元，税法规定的扣除限额为1 275万元（见本题第2小题），应纳税调增1 500－1 275＝225（万元）；③非广告性赞助支出和计提的坏账准备不得在税前扣除（见本题第3小题），应纳税调增80＋8＝88（万元）；④应纳税所得额＝会计利润＋纳税调整增加额－纳税调整减少额＝900－50＋（1 500－1 275）＋80＋8＝1 163（万元）。<br>,模拟试卷一,甲公司为居民企业，主要从事电冰箱的生产和销售业务。2021年有关经营情况如下：<br>（1）销售电冰箱收入8 000万元；出租闲置设备收入500万元；国债利息收入50万元；理财产品收益30万元。<br>（2）符合条件的广告费支出1 500万元。<br>（3）向银行借入流动资金支付利息支出55万元；非广告性赞助支出80万元；向客户支付违约金3万元；计提坏账准备金8万元。<br>（4）全年利润总额为900万元。<br>已知：广告费和业务宣传费支出，不超过当年销售（营业）收入15％的部分，准予扣除。<br>要求：根据上述资料，不考虑其他因素，分析回答下列小题。<br>
220211001,下列法律关系客体中属于信息、数据、网络虚拟财产的是{{c1::}}。,矿产情报<br>||实用新型<br>||经济管理行为<br>||天然气<br>,1,参考解析：本题考核法律关系的客体。信息、数据、网络虚拟财产作为法律关系客体的信息，是指有价值的情报或资讯，如矿产情报、产业情报、国家机密、商业秘密、个人隐私等。<br>,模拟试卷二,
220211002,根据《民法典》规定，非法人组织的代表是{{c1::}}。,只能确定一人代表该组织从事民事活动<br>||董事长、执行董事或者经理代表该组织从事民事活动<br>||法定代表人代表该组织从事民事活动<br>||确定一人或者数人代表该组织从事民事活动<br>,4,参考解析：本题考核非法人组织的代表。根据规定，非法人组织可以确定一人或者数人代表该组织从事民事活动。注意，法人才涉及法定代表人，另外，营利法人的董事长、执行董事或者经理按照法人章程的规定担任法定代表人。<br>,模拟试卷二,
220211003,根据会计法律制度的规定，下列各项中，属于伪造会计凭证行为的是{{c1::}}。,改变计量方法的手段<br>||采用挖补手段改变<br>||以虚假经济业务为前提，编造虚假的会计凭证<br>||采用涂改手段改变会计凭证的真实性<br>,3,参考解析：本题考核会计核算基本要求。伪造会计凭证是指以虚假的经济业务事项为前提编造不真实的会计凭证。<br>,模拟试卷二,
220211004,关于填制记账凭证时出现错误的处理方法，下列说法中，正确的是{{c1::}}。,可以将错误的内容进行涂销，并由经办人员在涂销处签章<br>||金额填写错误的，应由原出具单位重新开具<br>||应当重新填制<br>||先登记入账，后期再会计差错更正<br>,3,参考解析：本题考核记账凭证填制的基本要求。如果在填制记账凭证时发生错误，应当重新填制。<br>,模拟试卷二,
220211005,根据个人银行结算账户实名制的要求，下列人员出具的证件、证明材料中，不属于在境内银行申请开立个人银行账户的有效身份证件是{{c1::}}。,20周岁的吴某出具的机动车驾驶证<br>||定居美国的周某出具的中国护照<br>||25周岁的王某出具的居民身份证<br>||15周岁的学生赵某出具的户口簿<br>,1,参考解析：本题考核个人银行结算账户的开户证明文件。有效身份证件包括：①在中华人民共和国境内已登记常住户口的中国公民为居民身份证（选项C）；不满16周岁的，可以使用居民身份证或户口簿（选项D）。②香港、澳门特别行政区居民为港澳居民来往内地通行证。③台湾地区居民为台湾居民来往大陆通行证。④国外的中国公民为中国护照（选项B）。⑤外国公民为护照或者外国人永久居留证。机动车驾驶证属于辅助身份证明材料。<br>,模拟试卷二,
220211006,根据支付结算法律制度的规定，下列关于条码支付的表述中不正确的是{{c1::}}。,条码支付业务包括付款扫码和收款扫码<br>||收款扫码是指收款人通过识读付款人移动终端展示的条码完成支付的行为<br>||收款扫码是指付款人通过移动终端识读收款人展示的条码完成支付的行为<br>||银行、支付机构提供收款扫码服务的，应使用动态条码<br>,3,参考解析：本题考核条码支付。付款扫码是指付款人通过移动终端识读收款人展示的条码完成支付的行为。<br>,模拟试卷二,
220211007,在我国票据法律制度规定的票据种类中，记载出票金额和实际结算金额两种金额的票据是{{c1::}}。,银行本票<br>||银行承兑汇票<br>||银行汇票<br>||支票<br>,3,参考解析：本题考核银行汇票的概念。银行签发银行汇票时，基于所收妥的金额填写“出票金额”。银行汇票申请人在取得汇票后，由其自己或者取得汇票的相对人根据实际应支付的款项，另行填写“实际结算金额”，其数额不得超过出票金额。<br>,模拟试卷二,
220211008,甲公司向乙公司开出一张纸质银行承兑汇票，汇票已经A银行承兑。乙公司将票据依法贴现给B银行，A银行依法对该汇票进行付款确认后，B银行依法将票据转贴现给C银行，D银行为保证增信行。根据《票据交易管理办法》的规定，该汇票到期偿付先后顺序是{{c1::}}。,D银行、A银行、C银行<br>||A银行、D银行、B银行<br>||B银行、C银行、D银行<br>||A银行、B银行、C银行<br>,2,参考解析：本题考核商业汇票到期偿付顺序。根据规定，票据保证增信后（D银行）且经承兑人（A银行）付款确认的，应当由承兑人（A银行）付款；若承兑人（A银行）未付款，应当由保证增信行（D银行）先行偿付；保证增信行（D银行）未偿付的，应当由贴现人（B银行）先行偿付。<br>,模拟试卷二,
220211009,根据劳动合同法律制度的规定，被派遣劳动者在无工作期间，劳务派遣单位应当按照法定标准向其按月支付报酬，该标准为{{c1::}}。,所在地上年度职工月平均工资<br>||被派遣劳动者在工作期间的月平均工资<br>||劳务派遣单位职工月平均工资<br>||所在地人民政府规定的月最低工资标准<br>,4,参考解析：本题考核劳务派遣中被派遣劳动者无工作期间的工资标准。被派遣劳动者在无工作期间，劳务派遣单位应按所在地人民政府规定的最低工资标准，向其按月支付报酬。<br>,模拟试卷二,
220211010,甲公司高级管理人员张某2021年度月平均工资为15 000元，公司所在地职工月平均工资为4 000元。2021年甲公司每月应扣缴张某基本养老保险费的下列计算列式中，正确的是{{c1::}}。,4 000×2×8％＝640（元）<br>||15 000×8％＝1200（元）<br>||4 000×8％＝320（元）<br>||4 000×3×8％＝960（元）<br>,4,参考解析：本题考核基本养老保险费的缴纳。①按照现行政策，职工个人按照本人缴费工资的8％缴费，记入个人账户；②职工本人月平均工资高于当地职工月工资300％的，按当地职工月平均工资的300％作为缴费基数；③张某每月应缴纳的基本养老保险费＝4 000×3×8％＝960（元）。<br>,模拟试卷二,
220211011,下列关于医疗期的表述中，不符合法律规定的是{{c1::}}。,实际工作年限不足10年的，在本单位工作年限不足5年的，医疗期间为3个月<br>||实际工作年限10年以上的，在本单位工作年限20年以上的，医疗期间为24个月<br>||实际工作年限10年以上的，在本单位工作年限10年以上不足15年的，医疗期间为12个月<br>||实际工作年限20年以上的，医疗期间没有限制<br>,4,参考解析：本题考核医疗期期间。在本单位工作20年以上的，医疗期为24个月。<br>,模拟试卷二,
220211012,根据增值税法律制度的规定，下列各项中，不属于视同销售货物行为的有{{c1::}}。,将购进的货物用于本单位领导的个人消费<br>||将委托加工收回的货物用于集体福利<br>||将购进的货物投资给其他单位<br>||将购进的货物无偿赠送给其他单位<br>,1,参考解析：本题考核增值税视同销售行为。将自产、委托加工或者购进的货物作为投资，提供给其他单位或者个体工商户、分配给股东或者投资者、无偿赠送其他单位或者个人均属于视同销售的情形；将外购的货物用于非增值税应税项目、免税项目、集体福利或者是个人消费均不属于视同销售的情形，其进项税额不可以抵扣。<br>,模拟试卷二,
220211013,"某企业为增值税小规模纳税人。10月进口一批高档化妆品，关税完税价格40万元。已知：高档化妆品关税税率为20％,消费税税率为15％，增值税税率为13％。该企业进口高档化妆品应纳进口增值税税额为{{c1::}}。",41.6万元<br>||6.80万元<br>||8.16万元<br>||7.34万元<br>,4,参考解析：本题考核进口环节增值税的计算。进口货物增值税税率与企业性质无关，所以，该企业进口高档化妆品应纳进口增值税税额＝关税完税价格×（1＋关税税率）÷（1－消费税税率）×增值税税率＝40×（1＋20％）÷（1－15％）×13％＝7.34（万元）。注意进口应税消费品的，增值税与消费税的组成计税价格相同。<br>,模拟试卷二,
220211014,根据消费税法律制度的规定，下列各项中，可以按当期生产领用数量计算准予扣除外购的应税消费品已纳消费税税款的是{{c1::}}。,外购已税白酒生产的药酒<br>||外购已税烟丝生产的卷烟<br>||外购已税翡翠生产加工的金银翡翠首饰<br>||外购已税钻石生产的高档手表<br>,2,参考解析：本题考核消费税的抵扣规定。准予扣除外购的应税消费品已纳消费税税款的扣除范围包括：①外购已税烟丝生产的卷烟；②外购已税高档化妆品原料生产的高档化妆品；③外购已税珠宝、玉石为原料生产的贵重首饰及珠宝、玉石；④外购已税鞭炮、焰火为原料生产的鞭炮、焰火；⑤外购已税杆头、杆身和握把为原料生产的高尔夫球杆；⑥外购已税木制一次性筷子为原料生产的木制一次性筷子；⑦外购已税实木地板为原料生产的实木地板；⑧外购已税石脑油、润滑油、燃料油为原料生产的成品油；⑨外购已税汽油、柴油为原料生产的汽油、柴油。<br>,模拟试卷二,
220211015,甲公司2021年度利润总额300万元，预缴企业所得税税额60万元，在“营业外支出”账户中列支了通过公益性社会组织向灾区的捐款38万元。已知企业所得税税率为25％；公益性捐赠支出不超过年度利润总额12％的部分，准予在计算企业所得税应纳税所得额时扣除。计算甲公司当年应补缴企业所得税税额的下列算式中，正确的是{{c1::}}。,300×25％－60＝15（万元）<br>||（300＋300×12％）×25％－60＝24（万元）<br>||[300＋（38－300×12％）]×25％－60＝15.5（万元）<br>||（300＋38）×25％－60＝24.5（万元）<br>,3,参考解析：本题考核企业所得税中公益性捐赠的纳税调整。公益性捐赠的扣除限额＝300×12％＝36（万元），因此应调增38－36＝2（万元）。应纳税额＝（300＋2）×25％－60＝15.5（万元）。<br>,模拟试卷二,
220211016,根据企业所得税法律制度的规定，下列支出中，可以直接在税前扣除的是{{c1::}}。,企业为投资者支付的商业保险费<br>||企业从其关联方接受的债权性投资与权益性投资的比例超过规定标准而发生的利息支出<br>||企业参加财产保险，按照规定缴纳的保险费<br>||非银行企业内营业机构之间的利息<br>,3,参考解析：本题考核企业所得税扣除项目的规定。选项AC，企业为个人支付的商业保险费不得扣除，但是为职工支付的社会保险费和为本企业财产支付的财产保险是可以扣除的；选项B，企业从其关联方接受债权性投资与权益性投资的比例“未”超过规定标准而发生的利息支出，准予扣除；选项D，非银行企业内营业机构之间支付的利息不得扣除。注意结合利息支出的扣除规定，即非金融企业向金融企业借款的利息支出、金融企业的各项存款利息支出和同业拆借利息支出、企业经批准发行债券的利息支出可据实扣除；非金融企业向非金融企业借款的利息支出，不超过按照金融企业同期同类贷款利率计算的数额的部分，可以在税前扣除。<br>,模拟试卷二,
220211017,张某是自由投资人，专门投资境内上市公司的非限售股股票，2021年4月从证券市场取得的收入包括：4月1日从境内甲上市公司取得股息所得12万元，张某截至4月1日已经持有甲公司股票10天，后将甲公司的股票在4月5日出售，取得股票转让所得150万元。下列关于张某股息所得与股票转让所得的说法中，正确的是{{c1::}}。,张某取得12万元股息可减按50％计入应纳税所得额，并按税率20％计算缴纳“利息、股息、红利所得”的个人所得税<br>||张某取得的150万元应按照“财产转让所得”缴纳个人所得税，税率为20％，不允许作任何扣除<br>||张某取得12万元股息免税<br>||张某取得的150万元暂不征税<br>,4,参考解析：本题考核利息、股息、红利所得与财产转让所得的个人所得税政策。根据规定，个人从公开发行和转让市场取得的上市公司股票，持股期限在一个月以内（含1个月）的，其股息红利所得全额计入应纳税所得额；持股期限在1个月以上至1年（含1年）的，暂减按50％计入应纳税所得额；持股期限超过1年的，暂免征收个人所得税。上述所得统一适用20％的税率计征个人所得税。本题中，张某持有甲公司股票的期间不足1个月，不享受股息所得的减免政策，因此应全额征税，选项A和选项C的说法错误；个人股票转让所得（非限售股）暂不征收个人所得税，因此选项B的说法错误。<br>,模拟试卷二,
220211018,下列关于财产租赁所得应纳税额计算的相关说法中，不正确的是{{c1::}}。,个人出租房屋的个人所得税应税收入不含增值税<br>||计算房屋出租所得可扣除的税费中不包括本次出租缴纳的增值税<br>||个人转租房屋的，其向房屋出租方支付的租金，在计算转租所得时予以扣除<br>||个人转租房屋的，其向房屋出租方支付的增值税额，在计算转租所得时不得扣除<br>,4,参考解析：本题考核财产租赁所得的所得税计算。个人转租房屋的，其向房屋出租方支付的租金及增值税额，在计算转租所得时予以扣除。<br>,模拟试卷二,
220211019,张某将自己5年前购买的保障房转让给李某。该房屋依法执行政府定价，政府过户指导价200万元、评估价格180万元，同地段、同户型、同面积的其他商品房价格为400万元。已知产权转移书据的印花税税率为0.5‰，以上价格均为不含增值税价款，双方在产权转移书据中未列明价款。张某应缴纳产权转移书据印花税的计算中，正确的是{{c1::}}。,4 000 000×0.5‰＝2 000（元）<br>||2 000 000×0.5‰＝1 000（元）<br>||1 800 000×0.5‰＝900（元）<br>||0<br>,2,参考解析：本题考核印花税的计税依据。应税产权转移书据的计税依据，为产权转移书据所列的金额，不包括列明的增值税税款；产权转移书据未列明金额的，印花税的计税依据按照实际结算的金额确定。计税依据按照规定仍不能确定的，按照书立合同、产权转移书据时的市场价格确定；依法应当执行政府定价或者政府指导价的，按照国家有关规定确定。本题中，由于双方未在产权转移书据中列明价款，而且该保障房执行政府定价，因此计税依据应按照200万元确定。<br>,模拟试卷二,
220211020,某铜矿8月销售当月开采的铜矿石原矿取得不含税销售收入800万元，当月以外购成本300万元的原矿与自采原矿混合洗选加工为选矿并全部销售，取得选矿不含税收入1 600万元。已知：该矿山铜矿石原矿资源税税率为4.2％、选矿的资源税税率为3％，则该铜矿8月份缴纳的资源税是{{c1::}}。,800×4.2％＋1 600×3％＝81.6（万元）<br>||800×4.2％＋（1 600－300）×3％＝72.6（万元）<br>||800×4.2％＋（1 600－300×4.2％÷3％）×3％＝69（万元）<br>||（800－300×4.2％÷3％）×4.2％＋1 600×3％＝63.96（万元）<br>,3,参考解析：本题考核金属矿产资源税的计算。①实行从价计征的，应纳税额按照应税资源产品的销售额乘以具体适用税率计算。销售铜原矿应以800万元的计税依据计算资源税；②纳税人以外购原矿与自采原矿混合洗选加工为选矿产品销售的，在计算应税产品销售额或者销售数量时，按照下列方法进行扣减：准予扣减的外购应税产品购进金额（数量）＝外购原矿购进金额（数量）×（本地区原矿适用税率÷本地区选矿产品适用税率）。本题中，可以扣减的外购原矿购进金额为：300×4.2％÷3％＝420（万元），当期选矿销售额1 600万元扣减420万元后的金额为精矿的资源税计税依据。<br>,模拟试卷二,
220211021,2021年2月，甲企业转让自建厂房，取得不含增值税的销售额5 000万元，准予扣除项目金额共计3 000万元。已知土地增值税税率为40％，速算扣除系数为5％，甲企业该笔业务应缴纳土地增值税税额的下列算式中，正确的是{{c1::}}。,（5 000－3 000）×40％－5 000×5％＝550（万元）<br>||（5 000－3 000）×40％－3 000×5％＝650（万元）<br>||5 000×40％－3 000×5％＝1 850（万元）<br>||5 000×40％－（5 000－3 000）×5％＝1 900（万元）<br>,2,参考解析：本题考核土地增值税的计算。土地增值税＝增值额×税率－扣除项目金额×速算扣除系数；增值额＝转让房地产取得的收入－扣除项目金额。<br>,模拟试卷二,
220211022,张老师在2021年9月1日签订购房合同购买一套住房。约定2021年12月10日支付房屋价款，2021年12月20日办理权属转移手续，则契税申报缴纳的期限是{{c1::}}。,9月1日起15日内<br>||12月20日办理权属转移手续之前<br>||12月10日支付价款之前<br>||12月10日支付价款之后至12月20日办理权属转移手续之前<br>,2,参考解析：本题考核契税的申报期限。根据规定，契税的纳税义务发生时间是纳税人签订土地、房屋权属转移合同的当日。纳税人应当在依法办理土地、房屋权属登记手续前申报缴纳契税。本题中，张老师在9月1日签订购房合同时产生纳税义务，在12月20日办理权属转移手续之前申报缴纳契税。<br>,模拟试卷二,
220211023,根据税收违法行为检举管理的规定，举报中心应当在检举事项受理之日起一定期限内完成分级分类处理，特殊情况除外，该期限是{{c1::}}。,30日<br>||15日<br>||7日<br>||3个月<br>,2,参考解析：本题考核检举事项的处理。根据规定，举报中心应当在检举事项受理之日起15日内完成分级分类处理，特殊情况除外。<br>,模拟试卷二,
220211024,下列各项中，可以作为法律关系主体的有{{c1::}}。,某市财政局<br>||人民银行<br>||企业工会<br>||个体经营者<br>,1||2||3||4,参考解析：本题考核法律关系主体。选项AB，属于主体范围中的国家机关；选项C，属于经济组织的内部机构；选项D，属于个人，都是法律关系的主体。<br>,模拟试卷二,
220211025,,,1||2||3||4,参考解析：本题考核法人设立中的责任承担。设立人为设立法人以自己的名义从事民事活动产生的民事责任，第三人有权选择请求法人或者设立人承担。<br>,模拟试卷二,
220211026,根据会计法律制度的规定，下列职务中，属于不相容职务的有{{c1::}}。,业务经办与稽核检查<br>||会计记录与财产保管<br>||授权批准与监督检查<br>||业务经办与会计记录<br>,1||2||3||4,参考解析：本题考核单位内部会计监督。不相容职务主要包括：授权批准与业务经办，业务经办与会计记录（选项D）、会计记录与财产保管（选项B）、业务经办与稽核检查（选项A）、授权批准与监督检查（选项C）等。<br>,模拟试卷二,
220211027,根据支付结算法律制度的规定，关于委托收款结算方式的下列表述中，正确的有{{c1::}}。,银行在为单位办理划款时，付款人存款账户不足支付的，应通知付款人交足存款<br>||单位凭已承兑的商业汇票办理款项结算，可以使用委托收款结算方式<br>||以银行以外的单位为付款人的，委托收款凭证必须记载付款人开户银行名称<br>||委托收款仅限于异地使用<br>,2||3,参考解析：本题考核委托收款结算方式的适用。委托收款在同城、异地均可以使用，D选项错误。银行在办理划款时，付款人存款账户不足支付的，应通过被委托银行向收款人发出未付款项通知书，选项A错误。<br>,模拟试卷二,
220211028,根据劳动合同法律制度的规定，下列关于劳动者法律责任承担的表述中，正确的有{{c1::}}。,劳动合同被确认无效，给用人单位造成损失的，有过错的劳动者应承担赔偿责任<br>||劳动者违法解除劳动合同，给用人单位造成损失的，应承担赔偿责任<br>||劳动者违反培训协议，未满服务期解除或者终止劳动合同的，应按照劳动合同约定向用人单位支付违约金<br>||劳动者违反劳动合同中约定的竞业限制，应按照劳动合同约定向用人单位支付违约金<br>,1||2||3||4,参考解析：本题考核劳动者承担法律责任的情形。劳动者违反服务期约定、违反竞业限制约定的，应当按照约定向用人单位支付违约金。<br>,模拟试卷二,
220211029,某超市既从事零售业务，又从事食品加工业务。会计人员小张对该超市（增值税一般纳税人）2021年12月份购进的水果进行增值税进项税额抵扣处理，下列处理方法中，正确的有{{c1::}}。,从美国进口的水果，凭海关进口增值税专用缴款书上注明的增值税额为进项税额<br>||从A公司（一般纳税人）购进的水果，凭增值税专用发票上注明的增值税额为进项税额<br>||从B公司（小规模纳税人）购进的水果，凭取得的增值税专用发票上注明的增值税额为进项税额<br>||从农户C购进的免税土豆，将其加工成土豆泥（适用税率13％）后出售给连锁餐饮企业，以收购凭证上注明的买价和10％的扣除率计算进项税额<br>,1||2||4,参考解析：本题考核购进农产品的抵扣规定。选项C，从按照简易计税方法依照3％征收率计算缴纳增值税的小规模纳税人取得增值税专用发票的，以增值税专用发票上注明的金额和9％的扣除率计算进项税额；选项D，纳税人购进用于生产或者委托加工13％税率货物的农产品，按照10％的扣除率计算进项税额。<br>,模拟试卷二,
220211030,根据消费税法律制度的规定，下列行为中，不属于消费税征税范围的有{{c1::}}。,甲卷烟厂销售自产的卷烟<br>||乙汽车厂销售自产的载货汽车<br>||丙外贸公司进口高档电器产品<br>||丁银行销售金银纪念币<br>,2||3||4,参考解析：本题考核消费税税目与征税范围的结合。目前征收消费税的应税消费品有：烟、酒、高档化妆品、成品油、贵重首饰和珠宝玉石、鞭炮焰火、高尔夫球及球具、高档手表、游艇、木制一次性筷子、实木地板、小汽车、摩托车、电池、涂料，所以选项B、C、D当选。<br>,模拟试卷二,
220211031,针对个人转让土地使用权的业务，下列说法正确的有{{c1::}}。,属于增值税“销售无形资产”税目范围<br>||属于个人所得税“特许权使用费所得”税目范围<br>||属于增值税“销售不动产”税目范围<br>||属于个人所得税“财产转让所得”税目范围<br>,1||4,参考解析：本题考核转让土地使用权所涉及不同税种征税范围的交叉。转让土地使用权，在增值税中属于“销售无形资产—销售自然资源使用权”的税目范围；在个人所得税中，属于“财产转让所得”的税目范围。<br>,模拟试卷二,
220211032,张三作为农业生产者，承受占用位于建制镇的一片荒山。张三开垦后用于农业生产。关于该情况，下列说法正确的有{{c1::}}。,转让土地使用权的一方免征增值税<br>||张三免征契税<br>||该农业生产用地免征城镇土地使用税<br>||张三需要缴纳耕地占用税<br>,1||2||3,参考解析：本题考核农业生产用地综合税种问题。根据规定，将土地使用权转让给农业生产者用于农业生产的，免征增值税；纳税人承受荒山、荒地、荒滩土地使用权，用于农、林、牧、渔业生产的，免征契税；直接用于农、林、牧、渔业的生产用地，免征城镇土地使用税；耕地占用税是占用耕地从事建房和非农业建设的单位或者个人，征收的一种税，张三承受土地用于农业生产，不属于征税范围。<br>,模拟试卷二,
220211033,甲公司3月发生的下列活动中，属于重大税收违法失信案件的信息公布范围的有{{c1::}}。,在账簿上多列支出，使其少缴应纳税款11万元<br>||通过转移财产的手段欠缴税款金额50万元<br>||以暴力、威胁方法拒不缴纳税款<br>||骗取国家出口退税款的<br>,2||3||4,参考解析：本题考核重大税收违法失信案件的公布范围。选项A的税款金额未达到公布标准。根据规定，纳税人伪造、变造、隐匿、擅自销毁账簿、记账凭证，或者在账簿上多列支出或者不列、少列收入，或者经税务机关通知申报而拒不申报或者进行虚假的纳税申报，不缴或者少缴应纳税款“100万元以上”，且任一年度不缴或者少缴应纳税款占当年各税种应纳税总额“10％以上”的，属于信息公布的范围。<br>,模拟试卷二,
220211034,行政责任中撤职、记过、开除，均属于行政处罚。{{c1::}},对<br>||错<br>,2,参考解析：本题考核行政处分。对因违法违纪应当承担纪律责任的公务员给予的行政处分种类有：警告、记过、记大过、降级、撤职、开除六类。<br>,模拟试卷二,
220211035,出票人在票据上的签章不符合法律规定的，其签章无效，但不影响其他符合规定签章的效力。{{c1::}},对<br>||错<br>,2,参考解析：本题考核票据签章无效的情况。根据规定，出票人在票据上的签章不符合法律规定的，票据无效；背书人在票据上的签章不符合法律规定的，其签章无效，但不影响其前手符合规定签章的效力。<br>,模拟试卷二,
220211036,张某从事会计工作因挪用公款被判处有期徒刑，刑罚期满后5年，可以从事会计工作。{{c1::}},对<br>||错<br>,2,参考解析：本题考核会计工作岗位设置要求。根据规定，因有提供虚假财务会计报告，做假账，隐匿或者故意销毁会计凭证、会计账簿、财务会计报告，贪污，挪用公款，职务侵占等与会计职务有关的违法行为被依法追究刑事责任的人员，不得再从事会计工作，故张某终身不得从事会计工作。<br>,模拟试卷二,
220211037,用人单位设立的分支机构，依法取得营业执照或者登记证书的，可以作为用人单位与劳动者订立劳动合同。{{c1::}},对<br>||错<br>,1,参考解析：本题考核劳动合同订立主体的资格要求。<br>,模拟试卷二,
220211038,航空运输企业的增值税销售额包括代收的民航发展基金和代售其他航空运输企业客票而代收转付的价款。{{c1::}},对<br>||错<br>,2,参考解析：本题考核增值税销售额的确定。根据规定，航空运输企业的销售额，不包括代收的民航发展基金和代售其他航空运输企业客票而代收转付的价款。<br>,模拟试卷二,
220211039,非公有制企业党组织工作经费纳入工会经费列支，不超过职工年度工资薪金总额1％的部分，可以据实在企业所得税前扣除。{{c1::}},对<br>||错<br>,2,参考解析：本题考核党组织工作经费的扣除规定。非公有制企业党组织工作经费纳入“企业管理费”列支，不超过职工年度工资薪金总额1％的部分，可以据实在企业所得税前扣除。<br>,模拟试卷二,
220211040,纳税人开采或者生产同一应税产品，其中既有享受减免税政策的，又有不享受减免税政策的，按照免税、减税项目的产量占比等方法分别核算确定免税、减税项目的销售额或者销售数量。{{c1::}},对<br>||错<br>,1,参考解析：本题考核资源税的税收优惠适用。<br>,模拟试卷二,
220211041,先以划拨方式取得土地使用权，后经批准转让房地产，划拨土地性质改为出让的，转让方应以补缴的土地出让价款为计税依据、承受方应以房地产权属转移合同确定的成交价格为计税依据缴纳契税。{{c1::}},对<br>||错<br>,2,参考解析：本题考核契税计税依据的具体规定。根据规定，先以划拨方式取得土地使用权，后经批准转让房地产，划拨土地性质改为出让的，“承受方”应分别以补缴的土地出让价款和房地产权属转移合同确定的成交价格为计税依据缴纳契税。<br>,模拟试卷二,
220211042,税务机关依法行使代位权、撤销权的，不免除欠缴税款的纳税人尚未履行的纳税义务和应承担的法律责任。{{c1::}},对<br>||错<br>,1,参考解析：本题考核税收代位权与撤销权。<br>,模拟试卷二,
220211043,重大税收违法失信案件信息一经录入相关税务信息管理系统，作为当事人的税收信用记录保存3年。{{c1::}},对<br>||错<br>,2,参考解析：本题考核重大税收违法信息案件的公布管理程序。根据规定，案件信息一经录入相关税务信息管理系统，作为当事人的税收信用记录永久保存。重大税收违法失信案件信息自公布之日起满3年的，停止公布并从公告栏中撤出。<br>,模拟试卷二,
220211044,王某在P银行申请开立甲公司存款账户的下列事项中，正确的是{{c1::}}。,代表甲公司与P银行签订银行结算账户管理协议<br>||填写开户申请书<br>||向P银行出具甲公司营业执照<br>||在开户申请书上加盖甲公司公章<br>,1||2||3||4,参考解析：选项A，开立银行结算账户时，银行应与存款人签订银行结算账户管理协议，明确双方的权利和义务；选项B、D，开立单位银行结算账户时，应填写“开立单位银行结算账户申请书”，并加盖单位公章和法定代表人(单位负责人）或其授权代理人的签名或者盖章；选项C，企业法人应出具企业法人营业执照。<br>,模拟试卷二,2021年10月，甲公司法定代表人王某在P银行为本公司开立了基本存款账户，同时本人在P银行申领一张借记卡。2021年11月，王某为向女友发节日红包，首次开通了“爱聊通”支付机构的I类支付账户，绑定了本人在P银行借记卡账户作为实名验证。2021年12月甲公司发生4笔业务，收到现金货款2万元，支付原材料采购款6万元，支付劳务费4万元，提取周转现金1万元。已知：各账户存款余额充足。<br>要求：根据上述资料，不考虑其他因素，分析回答下列小题。<br>
220211045,甲公司通过P银行存款账户可以办理的业务是{{c1::}}。,提取现金1万元<br>||支付劳务费4万元<br>||支付原材料采购款6万元<br>||存入现金货款2万元<br>,1||2||3||4,参考解析：基本存款账户是存款人的主办账户，存款人日常经营活动的资金收付及其工资、奖金和现金的支取，应通过基本存款账户办理。<br>,模拟试卷二,2021年10月，甲公司法定代表人王某在P银行为本公司开立了基本存款账户，同时本人在P银行申领一张借记卡。2021年11月，王某为向女友发节日红包，首次开通了“爱聊通”支付机构的I类支付账户，绑定了本人在P银行借记卡账户作为实名验证。2021年12月甲公司发生4笔业务，收到现金货款2万元，支付原材料采购款6万元，支付劳务费4万元，提取周转现金1万元。已知：各账户存款余额充足。<br>要求：根据上述资料，不考虑其他因素，分析回答下列小题。<br>
220211046,王某使用其个人借记卡可以办理的业务是{{c1::}}。,购买P银行理财产品10万元<br>||存入甲公司的现金货款2万元<br>||在商场刷卡消费1万元<br>||在ATM机上一次性提取现金5万元<br>,1||3,参考解析：选项B，严禁将单位的款项转入个人卡账户存储；选项D，“借记卡”持卡人通过ATM等自助机具办理现金提取业务，每卡每日累计不得超过人民币2万元。<br>,模拟试卷二,2021年10月，甲公司法定代表人王某在P银行为本公司开立了基本存款账户，同时本人在P银行申领一张借记卡。2021年11月，王某为向女友发节日红包，首次开通了“爱聊通”支付机构的I类支付账户，绑定了本人在P银行借记卡账户作为实名验证。2021年12月甲公司发生4笔业务，收到现金货款2万元，支付原材料采购款6万元，支付劳务费4万元，提取周转现金1万元。已知：各账户存款余额充足。<br>要求：根据上述资料，不考虑其他因素，分析回答下列小题。<br>
220211047,王某通过“爱聊通”支付账户余额付款交易，累计向女友发红包的最高金额是{{c1::}}。,500元<br>||5000元<br>||1000元<br>||2000元<br>,3,参考解析：本题考核支付账户的交易。根据规定，以非面对面方式通过至少一个合法安全的外部渠道进行身份基本信息验证，且首次在该支付机构开立支付账户的个人客户，可以开立I类支付账户。账户余额付款交易自账户开立起累计不超过1000元。本题中，王某开立的是I类支付账户，且只通过绑定银行卡的方式验证了一个外部渠道，因此其通过该支付账户的“余额付款”交易累计不超过1000元。<br>,模拟试卷二,2021年10月，甲公司法定代表人王某在P银行为本公司开立了基本存款账户，同时本人在P银行申领一张借记卡。2021年11月，王某为向女友发节日红包，首次开通了“爱聊通”支付机构的I类支付账户，绑定了本人在P银行借记卡账户作为实名验证。2021年12月甲公司发生4笔业务，收到现金货款2万元，支付原材料采购款6万元，支付劳务费4万元，提取周转现金1万元。已知：各账户存款余额充足。<br>要求：根据上述资料，不考虑其他因素，分析回答下列小题。<br>
220211048,甲建筑公司当月销售自产活动板房同时提供安装服务的增值税销项税额的下列计算中，正确的是{{c1::}}。,147.804÷（1＋13％）×13％＋43.1095÷（1＋9％）×9％＝20.5635（万元）<br>||147.804÷（1＋13％）×13％＝17.004（万元）<br>||（147.804＋43.1095）÷（1＋13％）×13％＝21.9635（万元）<br>||（147.804＋43.1095）÷（1＋9％）×9％＝15.7635（万元）<br>,1,参考解析：自2017年5月起，纳税人销售活动板房、机器设备、钢结构件等自产货物的同时提供建筑、安装服务，不属于混合销售，应分别核算货物和建筑服务的销售额，分别适用不同的税率或者征收率。提供安装服务按照销售建筑服务适用9％的税率计征增值税，销售自产活动板房适用13％的税率。<br>,模拟试卷二,甲建筑公司为增值税一般纳税人，主要从事建筑工程施工及活动板房的生产和安装业务。2021年10月有关经营情况如下：<br>（1）承建的P酒店项目当月竣工结算，取得含增值税工程款2 180万元，另取得奖励款21.8万元。P酒店项目适用一般计税方法计税。<br>（2）承建的Q住宅项目当月竣工结算，取得含增值税工程款5 150万元；支付含增值税分包款1 030万元，取得增值税普通发票注明税额30万元。Q住宅项目选择简易计税方法计税。<br>（3）购进P酒店项目用工程材料，取得增值税专用发票注明税额130万元。<br>（4）支付Q住宅项目的劳务派遣服务费，取得增值税专用发票注明税额0.36万元。<br>（5）进口专用设备共用于P酒店项目和Q住宅项目，取得海关进口增值税专用缴款书注明税额52万元。<br>（6）销售自产活动板房同时提供安装服务，取得活动板房含增值税价款147.804万元、安装服务含增值税价款43.1095万元。<br>已知：销售货物增值税税率为13％，销售建筑服务增值税税率为9％，增值税征收率为3％。取得的扣税凭证均符合抵扣规定。<br>要求：根据上述资料，不考虑其他因素，分析回答下列小题。<br>
220211049,甲建筑公司的下列进项税额中，准予从销项税额中抵扣的是{{c1::}}。,支付Q住宅项目劳务派遣服务费的进项税额0.36万元<br>||支付分包款的进项税额30万元<br>||购进P酒店项目用工程材料的进项税额130万元<br>||进口专用设备的进项税额52万元<br>,3||4,参考解析：选项AB，用于简易计税方法计税项目的购进服务不得从销项税额中抵扣进项税额；选项D，既用于简易计税方法计税项目又用于抵扣项目的固定资产，该进项税额准予全部抵扣。<br>,模拟试卷二,甲建筑公司为增值税一般纳税人，主要从事建筑工程施工及活动板房的生产和安装业务。2021年10月有关经营情况如下：<br>（1）承建的P酒店项目当月竣工结算，取得含增值税工程款2 180万元，另取得奖励款21.8万元。P酒店项目适用一般计税方法计税。<br>（2）承建的Q住宅项目当月竣工结算，取得含增值税工程款5 150万元；支付含增值税分包款1 030万元，取得增值税普通发票注明税额30万元。Q住宅项目选择简易计税方法计税。<br>（3）购进P酒店项目用工程材料，取得增值税专用发票注明税额130万元。<br>（4）支付Q住宅项目的劳务派遣服务费，取得增值税专用发票注明税额0.36万元。<br>（5）进口专用设备共用于P酒店项目和Q住宅项目，取得海关进口增值税专用缴款书注明税额52万元。<br>（6）销售自产活动板房同时提供安装服务，取得活动板房含增值税价款147.804万元、安装服务含增值税价款43.1095万元。<br>已知：销售货物增值税税率为13％，销售建筑服务增值税税率为9％，增值税征收率为3％。取得的扣税凭证均符合抵扣规定。<br>要求：根据上述资料，不考虑其他因素，分析回答下列小题。<br>
220211050,甲公司承建P酒店项目的增值税销项税额的下列计算中，正确的是{{c1::}}。,（2 180＋21.8）÷（1＋9％）×9％＝181.8（万元）<br>||2 180÷（1＋9％）×9％＝180（万元）<br>||2 180÷（1＋9％）×9％＋21.8×9％＝181.962（万元）<br>||2 180×9％＋21.8÷（1＋9％）×9％＝198（万元）<br>,1,参考解析：取得的奖励款属于价外费用，需并入销售额计征增值税。价外费用和工程款均为含税金额，需要换算为不含税金额。<br>,模拟试卷二,甲建筑公司为增值税一般纳税人，主要从事建筑工程施工及活动板房的生产和安装业务。2021年10月有关经营情况如下：<br>（1）承建的P酒店项目当月竣工结算，取得含增值税工程款2 180万元，另取得奖励款21.8万元。P酒店项目适用一般计税方法计税。<br>（2）承建的Q住宅项目当月竣工结算，取得含增值税工程款5 150万元；支付含增值税分包款1 030万元，取得增值税普通发票注明税额30万元。Q住宅项目选择简易计税方法计税。<br>（3）购进P酒店项目用工程材料，取得增值税专用发票注明税额130万元。<br>（4）支付Q住宅项目的劳务派遣服务费，取得增值税专用发票注明税额0.36万元。<br>（5）进口专用设备共用于P酒店项目和Q住宅项目，取得海关进口增值税专用缴款书注明税额52万元。<br>（6）销售自产活动板房同时提供安装服务，取得活动板房含增值税价款147.804万元、安装服务含增值税价款43.1095万元。<br>已知：销售货物增值税税率为13％，销售建筑服务增值税税率为9％，增值税征收率为3％。取得的扣税凭证均符合抵扣规定。<br>要求：根据上述资料，不考虑其他因素，分析回答下列小题。<br>
220211051,甲公司承建Q住宅项目应缴纳的增值税税额的下列计算中，正确的是{{c1::}}。,（5 150－1 030）×3％＝123.6（万元）<br>||5 150÷（1＋3％）×3％＝150（万元）<br>||5 150÷（1＋3％）×3％－30＝120（万元）<br>||（5 150－1 030）÷（1＋3％）×3％＝120（万元）<br>,4,参考解析：纳税人提供建筑服务适用简易计税方法的，以取得的全部价款和价外费用扣除支付的分包款后的余额为销售额。工程款和分包款均为含税金额，计算出的余额应换算为不含税金额。<br>,模拟试卷二,甲建筑公司为增值税一般纳税人，主要从事建筑工程施工及活动板房的生产和安装业务。2021年10月有关经营情况如下：<br>（1）承建的P酒店项目当月竣工结算，取得含增值税工程款2 180万元，另取得奖励款21.8万元。P酒店项目适用一般计税方法计税。<br>（2）承建的Q住宅项目当月竣工结算，取得含增值税工程款5 150万元；支付含增值税分包款1 030万元，取得增值税普通发票注明税额30万元。Q住宅项目选择简易计税方法计税。<br>（3）购进P酒店项目用工程材料，取得增值税专用发票注明税额130万元。<br>（4）支付Q住宅项目的劳务派遣服务费，取得增值税专用发票注明税额0.36万元。<br>（5）进口专用设备共用于P酒店项目和Q住宅项目，取得海关进口增值税专用缴款书注明税额52万元。<br>（6）销售自产活动板房同时提供安装服务，取得活动板房含增值税价款147.804万元、安装服务含增值税价款43.1095万元。<br>已知：销售货物增值税税率为13％，销售建筑服务增值税税率为9％，增值税征收率为3％。取得的扣税凭证均符合抵扣规定。<br>要求：根据上述资料，不考虑其他因素，分析回答下列小题。<br>
220211052,,,,参考解析：<br>,模拟试卷二,
220211053,林某当月缴付的下列费用中，准予从个人所得税应纳税所得额中扣除的是{{c1::}}。,基本养老保险费880元<br>||失业保险费55元<br>||基本医疗保险费220元<br>||宿舍水电费400元<br>,1||2||3,参考解析：由个人负担的“三险一金”在计算工资、薪金所得时做专项扣除。 2.C【解析】单位代扣食堂伙食费不得在个人所得税税前扣除。扣缴义务人向居民个人支付工资、薪金所得时，应当按照“累计预扣法”计算预扣税款，并“按月”办理全员全额扣缴申报。 累计预扣预缴应纳税所得额＝累计收入－累计免税收入－累计减除费用－累计专项扣除－累计专项附加扣除－累计依法确定的其他扣除。 本期应预扣预缴税额＝（累计预扣预缴应纳税所得额×预扣率－速算扣除数)－累计减免税额－累计已预扣预缴税额。<br>,模拟试卷二,中国公民林某是甲歌舞团的舞蹈演员，2021年1月有关收支情况如下：<br>（1）应发基本工资4 000元，奖金9 000元，单位代扣代缴基本养老保险费880元、失业保险费55元、基本医疗保险费220元；单位代扣食堂伙食费400元。<br>（2）受邀出演乙文化公司创作的舞剧，演出四场共获得劳务报酬22 000元。<br>林某在当年10月从甲房地产开发企业购买了一套捆绑地下产权储藏室的住房，合同总价款469万元（含增值税），其中储藏室价款25万元。住房与储藏室分别登记在两个不动产权证上，各自对应不同的不动产单元号。<br>已知：工资、薪金所得减除费用标准为5 000元/月。林某所在省份根据契税法授权确定的住房契税税率为3%，非住房契税税率为4%。甲房地产开发企业适用增值税税率为9%。<br>居民个人工资、薪金所得预扣预缴适用（节选）<br>级数<br>累计预扣预缴应纳税所得额<br>预扣率（％）<br>速算扣除数<br>1<br>不超过36 000元的部分<br>3<br>0<br>2<br>超过36 000元至144 000元的部分<br>10<br>2 520<br>居民个人劳务报酬所得预扣预缴适用<br>级数<br>预扣预缴应纳税所得额<br>预扣率（％）<br>速算扣除数<br>1<br>不超过20 000元的<br>20<br>0<br>2<br>超过20 000元至50 000元的部分<br>30<br>2 000<br>3<br>超过50 000元的部分<br>40<br>7 000<br>要求：根据上述资料，不考虑其他因素，分析回答下列小题。<br>
220211054,林某1月份工资、薪金所得应由单位预扣预缴个人所得税税额的计算，正确的是{{c1::}}。,（4 000＋9 000－5 000－880－55－220－400）×3％＝193.35（元）<br>||（4 000＋9 000－5 000－400）×3％＝228（元）<br>||（4 000＋9 000－5 000－880－55－220）×3％＝205.35（元）<br>||（4 000＋9 000－5 000－880－400）×3％＝201.60（元）<br>,3,参考解析：单位代扣食堂伙食费不得在个人所得税税前扣除。扣缴义务人向居民个人支付工资、薪金所得时，应当按照“累计预扣法”计算预扣税款，并“按月”办理全员全额扣缴申报。 累计预扣预缴应纳税所得额＝累计收入－累计免税收入－累计减除费用－累计专项扣除－累计专项附加扣除－累计依法确定的其他扣除。 本期应预扣预缴税额＝（累计预扣预缴应纳税所得额×预扣率－速算扣除数)－累计减免税额－累计已预扣预缴税额。<br>,模拟试卷二,中国公民林某是甲歌舞团的舞蹈演员，2021年1月有关收支情况如下：<br>（1）应发基本工资4 000元，奖金9 000元，单位代扣代缴基本养老保险费880元、失业保险费55元、基本医疗保险费220元；单位代扣食堂伙食费400元。<br>（2）受邀出演乙文化公司创作的舞剧，演出四场共获得劳务报酬22 000元。<br>林某在当年10月从甲房地产开发企业购买了一套捆绑地下产权储藏室的住房，合同总价款469万元（含增值税），其中储藏室价款25万元。住房与储藏室分别登记在两个不动产权证上，各自对应不同的不动产单元号。<br>已知：工资、薪金所得减除费用标准为5 000元/月。林某所在省份根据契税法授权确定的住房契税税率为3%，非住房契税税率为4%。甲房地产开发企业适用增值税税率为9%。<br>居民个人工资、薪金所得预扣预缴适用（节选）<br>级数<br>累计预扣预缴应纳税所得额<br>预扣率（％）<br>速算扣除数<br>1<br>不超过36 000元的部分<br>3<br>0<br>2<br>超过36 000元至144 000元的部分<br>10<br>2 520<br>居民个人劳务报酬所得预扣预缴适用<br>级数<br>预扣预缴应纳税所得额<br>预扣率（％）<br>速算扣除数<br>1<br>不超过20 000元的<br>20<br>0<br>2<br>超过20 000元至50 000元的部分<br>30<br>2 000<br>3<br>超过50 000元的部分<br>40<br>7 000<br>要求：根据上述资料，不考虑其他因素，分析回答下列小题。<br>
220211055,计算林某当月演出劳务报酬所得，应由支付单位预扣预缴个人所得税税额的下列算式中，正确的是{{c1::}}。,22 000×30％－2 000＝4 600（元）<br>||22 000×（1－20％）×20％＝3 520（元）<br>||（5 500－800）×20％×4＝3 760（元）<br>||22 000×（1－20％）×70％×20％＝2 464（元）<br>,2,参考解析：①劳务报酬所得、稿酬所得、特许权使用费所得，以“每次收入额”为预扣预缴应纳税所得额。“劳务报酬”属于同一事项连续取得收入的，以一个月内取得的收入为一次；②劳务报酬所得、稿酬所得、特许权使用费所得以收入减除费用后的余额为收入额。其中，稿酬所得的收入额减按70％计算；③劳务报酬所得、稿酬所得、特许权使用费所得每次收入不超过4 000元的，减除费用按800元计算；每次收入4 000元以上的，减除费用按20％计算；④劳务报酬所得应预扣预缴税额＝预扣预缴应纳税所得额×预扣率－速算扣除数。<br>,模拟试卷二,中国公民林某是甲歌舞团的舞蹈演员，2021年1月有关收支情况如下：<br>（1）应发基本工资4 000元，奖金9 000元，单位代扣代缴基本养老保险费880元、失业保险费55元、基本医疗保险费220元；单位代扣食堂伙食费400元。<br>（2）受邀出演乙文化公司创作的舞剧，演出四场共获得劳务报酬22 000元。<br>林某在当年10月从甲房地产开发企业购买了一套捆绑地下产权储藏室的住房，合同总价款469万元（含增值税），其中储藏室价款25万元。住房与储藏室分别登记在两个不动产权证上，各自对应不同的不动产单元号。<br>已知：工资、薪金所得减除费用标准为5 000元/月。林某所在省份根据契税法授权确定的住房契税税率为3%，非住房契税税率为4%。甲房地产开发企业适用增值税税率为9%。<br>居民个人工资、薪金所得预扣预缴适用（节选）<br>级数<br>累计预扣预缴应纳税所得额<br>预扣率（％）<br>速算扣除数<br>1<br>不超过36 000元的部分<br>3<br>0<br>2<br>超过36 000元至144 000元的部分<br>10<br>2 520<br>居民个人劳务报酬所得预扣预缴适用<br>级数<br>预扣预缴应纳税所得额<br>预扣率（％）<br>速算扣除数<br>1<br>不超过20 000元的<br>20<br>0<br>2<br>超过20 000元至50 000元的部分<br>30<br>2 000<br>3<br>超过50 000元的部分<br>40<br>7 000<br>要求：根据上述资料，不考虑其他因素，分析回答下列小题。<br>
220211056,林某承受房屋和储藏室权属契税的下列算式中，正确的是{{c1::}}。,469÷(1+9%)×3%＝12.91(万元)<br>||（469-25）÷(1+9%)×3%+25÷(1+9%)×4%＝13.14(万元)<br>||（469-25）×3%+25×4%＝14.32(万元)<br>||469÷(1+9%)×4%＝17.21（万元）<br>,2,参考解析：房屋附属设施（包括停车位、机动车库、非机动车库、顶层阁楼、储藏室及其他房屋附属设施）与房屋为同一不动产单元的，计税依据为承受方应交付的总价款，并适用与房屋相同的税率；房屋附属设施与房屋为不同不动产单元的，计税依据为转移合同确定的成交价格，并按当地确定的适用税率计税。同时，承受方计征契税的成交价格不含增值税。本题中，林某购买的房屋与储藏室为不同不动产单元，因此应分别按照各自税率计征契税。<br>,模拟试卷二,中国公民林某是甲歌舞团的舞蹈演员，2021年1月有关收支情况如下：<br>（1）应发基本工资4 000元，奖金9 000元，单位代扣代缴基本养老保险费880元、失业保险费55元、基本医疗保险费220元；单位代扣食堂伙食费400元。<br>（2）受邀出演乙文化公司创作的舞剧，演出四场共获得劳务报酬22 000元。<br>林某在当年10月从甲房地产开发企业购买了一套捆绑地下产权储藏室的住房，合同总价款469万元（含增值税），其中储藏室价款25万元。住房与储藏室分别登记在两个不动产权证上，各自对应不同的不动产单元号。<br>已知：工资、薪金所得减除费用标准为5 000元/月。林某所在省份根据契税法授权确定的住房契税税率为3%，非住房契税税率为4%。甲房地产开发企业适用增值税税率为9%。<br>居民个人工资、薪金所得预扣预缴适用（节选）<br>级数<br>累计预扣预缴应纳税所得额<br>预扣率（％）<br>速算扣除数<br>1<br>不超过36 000元的部分<br>3<br>0<br>2<br>超过36 000元至144 000元的部分<br>10<br>2 520<br>居民个人劳务报酬所得预扣预缴适用<br>级数<br>预扣预缴应纳税所得额<br>预扣率（％）<br>速算扣除数<br>1<br>不超过20 000元的<br>20<br>0<br>2<br>超过20 000元至50 000元的部分<br>30<br>2 000<br>3<br>超过50 000元的部分<br>40<br>7 000<br>要求：根据上述资料，不考虑其他因素，分析回答下列小题。<br>
